{
	"info": {
		"_postman_id": "eac3ae49-11ac-414f-9d6c-052120e0cbb3",
		"name": "TitanGateTask",
		"schema": "https://schema.getpostman.com/json/collection/v2.1.0/collection.json"
	},
	"item": [
		{
			"name": "GetList",
			"request": {
				"method": "GET",
				"header": [],
				"body": {
					"mode": "raw",
					"raw": ""
				},
				"url": {
					"raw": "https://localhost:44394/api/websites",
					"protocol": "https",
					"host": [
						"localhost"
					],
					"port": "44394",
					"path": [
						"api",
						"websites"
					]
				}
			},
			"response": []
		},
		{
			"name": "GetPamatereizedList",
			"request": {
				"method": "GET",
				"header": [],
				"body": {
					"mode": "raw",
					"raw": ""
				},
				"url": {
					"raw": "https://localhost:44394/api/websites?PageNumber=1&OrderBy=Category.Name",
					"protocol": "https",
					"host": [
						"localhost"
					],
					"port": "44394",
					"path": [
						"api",
						"websites"
					],
					"query": [
						{
							"key": "PageNumber",
							"value": "1"
						},
						{
							"key": "OrderBy",
							"value": "Category.Name"
						}
					]
				},
				"description": "With sample parameters"
			},
			"response": []
		},
		{
			"name": "GetSingleWebsite",
			"request": {
				"method": "GET",
				"header": [],
				"body": {
					"mode": "raw",
					"raw": ""
				},
				"url": {
					"raw": "https://localhost:44394/api/websites/1",
					"protocol": "https",
					"host": [
						"localhost"
					],
					"port": "44394",
					"path": [
						"api",
						"websites",
						"1"
					]
				}
			},
			"response": []
		},
		{
			"name": "PostNewWebsite",
			"request": {
				"method": "POST",
				"header": [
					{
						"key": "Content-Type",
						"name": "Content-Type",
						"value": "application/json",
						"type": "text"
					}
				],
				"body": {
					"mode": "raw",
					"raw": "{\n\t\"Name\": \"Test Website\",\n    \"Url\": \"http://test.com\",\n    \"HomepageSnapshot\": \"http://linktospanshot\",\n    \"CategoryId\": 1,\n    \"Email\": \"2ivan@titangate.com\",\n    \"Password\": \"P@ssw0rd\",\n    \"ConfirmPassword\":\"P@ssw0rd\"\n\t\n}"
				},
				"url": {
					"raw": "https://localhost:44394/api/websites",
					"protocol": "https",
					"host": [
						"localhost"
					],
					"port": "44394",
					"path": [
						"api",
						"websites"
					]
				}
			},
			"response": []
		},
		{
			"name": "UpdateWebsite",
			"request": {
				"method": "PUT",
				"header": [
					{
						"key": "Content-Type",
						"name": "Content-Type",
						"value": "application/json",
						"type": "text"
					}
				],
				"body": {
					"mode": "raw",
					"raw": "{\n\t\"Name\": \"Test Website\",\n    \"Url\": \"http://test.com\",\n    \"HomepageSnapshot\": \"http://linktospanshot\",\n    \"CategoryId\": 1,\n}"
				},
				"url": {
					"raw": "https://localhost:44394/api/websites/21",
					"protocol": "https",
					"host": [
						"localhost"
					],
					"port": "44394",
					"path": [
						"api",
						"websites",
						"21"
					]
				}
			},
			"response": []
		},
		{
			"name": "PatchWebsite",
			"request": {
				"method": "PATCH",
				"header": [
					{
						"key": "Content-Type",
						"name": "Content-Type",
						"value": "application/json",
						"type": "text"
					}
				],
				"body": {
					"mode": "raw",
					"raw": "[\n{\n\t\"op\":\"replace\",\n\t\"path\":\"/name\",\n\t\"value\":\"Patched name\"\n}\t\n]"
				},
				"url": {
					"raw": "https://localhost:44394/api/websites/21",
					"protocol": "https",
					"host": [
						"localhost"
					],
					"port": "44394",
					"path": [
						"api",
						"websites",
						"21"
					]
				}
			},
			"response": []
		},
		{
			"name": "DeleteWebsite",
			"request": {
				"method": "DELETE",
				"header": [],
				"body": {
					"mode": "raw",
					"raw": ""
				},
				"url": {
					"raw": "https://localhost:44394/api/websites/21",
					"protocol": "https",
					"host": [
						"localhost"
					],
					"port": "44394",
					"path": [
						"api",
						"websites",
						"21"
					]
				}
			},
			"response": []
		}
	]
}